,cohe,perp,count,cohe_diff,perp_diff
1,0.5124951654103415,0.21645374921960076,0.5,0.30027362503547356,0.02154462433466637
2,0.23669948799967014,0.4417960534201183,0.41836734693877553,0.49157096815456386,0.538652532764862
3,0.4624416082660672,0.39687157011278423,0.5204081632653061,0.40210322381632646,0.10618651092492438
4,0.7895061895642699,0.33619578895514446,0.45918367346938777,0.5832110722192966,0.14394276519301402
5,0.7098146959401567,0.2428629441859651,0.5,0.14104645042442895,0.22222256213955777
6,0.7508533509345677,0.2892174507532353,0.5816326530612245,0.07195680961225873,0.10961431238767075
7,0.5858427615633227,0.40195362872461393,0.5306122448979592,0.29354923905684815,0.26873283634000916
8,0.6469478586819097,0.3981305632335136,0.7142857142857143,0.10782437659793823,0.007665386088307465
9,0.6798512797483441,0.4283680104360318,0.673469387755102,0.05741556477920849,0.07098131863613308
10,0.5222443390365471,0.6826303033206169,0.5204081632653061,0.28031565920308565,0.6079744677928848
11,0.5748001080819295,0.7797632608302401,0.5306122448979592,0.09254296320882649,0.23133152726987027
12,0.4316207212169077,0.9004096937146634,0.5612244897959183,0.2545272682747675,0.28769391489116647
13,0.5125396718543321,0.7649543009686952,0.6326530612244898,0.14324045653545417,0.32319136146935856
14,0.6639862717987428,0.6482999052547593,0.673469387755102,0.269304417959545,0.278124902109552
15,0.32262841117615837,0.6765260898583929,0.5408163265306123,0.6087594554573313,0.06616027196397506
16,0.6275193822102635,0.41972951828301347,0.5204081632653061,0.5435770680176403,0.6140491970974276
17,0.4852256861864197,0.41385918725314047,0.4897959183673469,0.25294414878711907,0.012572732706395646
18,0.4520514519921597,0.3306680034785193,0.5816326530612245,0.05789962707300089,0.19791274749124452
19,0.483152498398471,0.3025114233464393,0.5612244897959183,0.054193927706965614,0.06599342830758881
20,0.2779582954077914,0.42693835797449403,0.40816326530612246,0.36537504874960336,0.29675587197241937
21,0.363037332247898,0.3120007500570938,0.4489795918367347,0.1506763621941428,0.274009718891866
22,0.08581716334921036,0.35383173222333475,0.4489795918367347,0.49411716162278224,0.09877131144284046
23,0.2875149898721361,0.4623390037949573,0.42857142857142855,0.35912548460722704,0.2585960421010479
24,0.4639764755214712,0.2521420353209321,0.4897959183673469,0.3140170323387294,0.5023487848388506
25,0.7698839496659099,0.4535362574935919,0.8163265306122449,0.545394006624665,0.4812483821437553
26,0.8455704382113131,0.35274072759886393,0.8877551020408163,0.1338877430138332,0.24011080473395655
27,0.8352793279532675,0.3178695124500339,0.9081632653061225,0.016997409552589427,0.08208857611186393
28,0.7309300668803658,0.45906749907995803,0.8571428571428571,0.18512073724686462,0.33695650240578023
29,0.8266960932804613,0.41502655035180824,1.0,0.16977871783577117,0.10406865647614418
30,0.8413393136145488,0.31811141563824913,0.9897959183673469,0.024776546417785074,0.23080940058851754
31,0.8848327228654815,0.3574528592374211,0.9183673469387755,0.07634453625479554,0.09280382533205958
32,0.40849076469409323,0.5561481162602211,0.47959183673469385,0.8500354689565149,0.474778895284497
33,0.33302265151460564,0.7289905662387638,0.336734693877551,0.1334974100880197,0.4128090712367665
34,0.36767052581886045,0.4482480966438556,0.3877551020408163,0.06053367076798865,0.6714481125960331
35,0.46200867414891583,0.38091731593475514,0.4489795918367347,0.16722647105442243,0.15989496529785138
36,0.4737699842294075,0.3784564121206731,0.35714285714285715,0.019625303939028477,0.00440025053436625
37,0.4953940314404919,0.29866381038049394,0.30612244897959184,0.03725435758513974,0.18976626148972045
38,0.576018353000897,0.49669444865857376,0.40816326530612246,0.14271382465469898,0.4731857875574084
39,0.6412373658673686,0.11356972423624698,0.5714285714285714,0.11517775532584537,0.916860933973754
40,0.5377850464513386,0.1181417092336929,0.6326530612244898,0.18351750759803004,0.009460564846060811
41,0.5167685649230171,0.14716775973105015,0.6224489795918368,0.0361683702093088,0.0680775704844406
42,0.4863729077996307,0.3075905255906171,0.5714285714285714,0.05293308648759427,0.3830387782753966
43,0.3999500236267169,0.4446637818128524,0.45918367346938777,0.15307840905076603,0.3270694206211514
44,0.5507759385566198,0.3294423051974848,0.5306122448979592,0.26819498056166946,0.27469015924929335
45,0.45673958210012977,0.19639040116743903,0.4897959183673469,0.16668703610258323,0.3174301390005008
46,0.484002736219762,0.4838110798035101,0.336734693877551,0.047333924432621195,0.6874559464272441
47,0.6143018543102586,0.4687160389594235,0.3877551020408163,0.23150455701359948,0.03468459247851153
48,0.7000665963765865,0.5414703599357201,0.35714285714285715,0.15190201933763275,0.1728953267479084
49,0.6512615045715959,0.5445759021909392,0.336734693877551,0.08583885162148443,0.0059454649748438655
50,0.5729591292208315,0.4967721988106208,0.35714285714285715,0.13856348446504027,0.11308807333600383
51,0.7255697611613408,0.644855626326392,0.37755102040816324,0.27138505563986604,0.3534610761434229
52,0.647403691453867,0.601603000657269,0.4387755102040816,0.13831984626744642,0.10217902641867979
53,0.5751069298002189,0.6668021023299897,0.40816326530612246,0.12782880861974313,0.15478527741813503
54,0.413626548244745,0.6739166448256639,0.336734693877551,0.28723920340020387,0.015555138658750231
55,0.6624172321283175,0.5611206689528752,0.6938775510204082,0.44330115488686445,0.26887617340288467
56,0.6434619853453231,0.48546167690993103,0.7551020408163265,0.03248403619315729,0.17985789582632733
57,0.7789683872247154,0.4266249295612247,0.826530612244898,0.24081226582196058,0.13953455523104202
58,0.7371973873369885,0.44973326787519824,0.8367346938775511,0.07326583237549088,0.05389266661146411
59,0.6546902595952732,0.4054143928169498,0.826530612244898,0.14607922826792014,0.10473485282940524
60,0.7640876410245139,0.3060247199059543,0.8367346938775511,0.1941439509243216,0.23674093043871938
61,0.7857875427729356,0.2948170777128786,0.8775510204081632,0.037389943040811224,0.025366400840979464
62,0.6826977025966481,0.2449444763640761,0.6020408163265306,0.1828695976032277,0.11804727342828705
63,0.6087289980375111,0.2972845803314262,0.5510204081632653,0.13081730671959346,0.12396193882020927
64,0.5956596652311026,0.21387161009727695,0.5,0.021963316450179692,0.19844437517289623
65,0.5344229831651958,0.37002913674320737,0.4387755102040816,0.10805957683339089,0.3728148933743082
66,0.4677824795115036,0.19902939145291604,0.35714285714285715,0.11771858522058466,0.4083920620854054
67,0.3561501440830651,0.20939152919908988,0.3979591836734694,0.1981387977327428,0.02333970556891917
68,0.48941415130444194,0.226882968551081,0.3979591836734694,0.23680411928023767,0.0404288195417028
69,0.6740062236433673,0.3470665310212736,0.32653061224489793,0.3285499705106838,0.2865844029500578
70,0.5250045078596157,0.3839849466242398,0.336734693877551,0.26493433352394774,0.0869957667204533
71,0.8342891552563042,0.326488887884374,0.37755102040816324,0.5514305021378071,0.13632089115772036
72,0.7128184368686381,0.3127893843068466,0.3469387755102041,0.21572431975190137,0.03133945480302906
73,0.65526118811111,0.30824130567242836,0.3877551020408163,0.1014828095200357,0.009403260696924974
74,0.723120175895963,0.2635365156597607,0.4387755102040816,0.11989655284060138,0.10565990061171407
75,0.7773949401845852,0.3494822315792656,0.40816326530612246,0.09561556455257388,0.2045154298251222
76,0.787639346476422,0.35462193978422923,0.40816326530612246,0.01691392900202057,0.010821411550925758
77,0.8026984447056409,0.2993209624020743,0.3673469387755102,0.025519903320278377,0.13105922633057324
78,0.6095464274947283,0.36048008072908033,0.336734693877551,0.34385036079361475,0.14510133645725146
79,0.6954409972938269,0.3799732117557733,0.3469387755102041,0.15213407865701462,0.04522692446960219
80,0.6386336848326738,0.37794867285477196,0.25510204081632654,0.10014234317434437,0.0033542729413753017
81,0.4975073932975319,0.5520891649695187,0.20408163265306123,0.25085748297766514,0.41592051065026636
82,0.46564058273553177,0.5184507557591413,0.16326530612244897,0.05556268540598532,0.0791335094933675
83,0.4162502069883294,0.601948236724674,0.14285714285714285,0.08688501171668306,0.19864694950631398
84,0.16053042967747508,0.7563391304908602,0.12244897959183673,0.4556864956022293,0.3685802302475046
85,0.1339281462944528,0.8894167316968946,0.10204081632653061,0.04615265745626602,0.317491735773022
86,0.6446668288444545,0.6103645699858311,0.5918367346938775,0.9115175597079936,0.6673964023902893
87,0.8490942493904388,0.5246124917108461,0.7040816326530612,0.36400447091979377,0.2040512755559406
88,0.7545693442852922,0.6745301240294844,0.6326530612244898,0.1675602876373103,0.35785771085727014
89,0.7735767284326895,0.6888541552964655,0.6836734693877551,0.032577228618531504,0.032836463269542183
90,0.8568656036068808,0.5707452082263549,0.7142857142857143,0.14747655511972094,0.28161149803146635
91,0.8726375756678347,0.4335824192654547,0.8061224489795918,0.026794122723691687,0.3272840328314262
92,0.7982517833710261,0.4495378460793201,0.8469387755102041,0.1315628261433793,0.0367469591325099
93,0.7081354944601976,0.5238043976563566,0.3877551020408163,0.15968014946008224,0.1765201812593357
94,0.4871451096950951,0.38522660905058015,0.29591836734693877,0.3936097803679947,0.3306758223137238
95,0.722480327005971,0.3541495796355275,0.40816326530612246,0.4192503119106542,0.07299381816453224
96,0.8338732573358056,0.40887000584505456,0.3877551020408163,0.19771087541558505,0.12966763067301598
97,0.8848288881941924,0.30939804987020575,0.35714285714285715,0.08968281175530797,0.2369381649974414
98,0.7446701934773532,0.22816289931556552,0.3163265306122449,0.24912796144710003,0.19322408701943478
99,0.7402228754661967,0.38969344055204524,0.29591836734693877,0.006551979886053909,0.3856941435157812
100,0.7852449671971314,0.5571776378381796,0.336734693877551,0.07907696489919605,0.3999652057337527
101,0.7775965141844847,0.2950421641715536,0.41836734693877553,0.012273817538470823,0.6268466787262591
102,0.8250966164285111,0.45398719948338145,0.29591836734693877,0.08350626071155412,0.37949662125250216
103,0.644303208183281,0.4186238951838626,0.29591836734693877,0.3217600852887015,0.08326812609387463
104,0.7901641772554397,0.39197758994959875,0.30612244897959184,0.25932043633350466,0.062373261664904686
105,0.7969818064117988,0.363361690792224,0.37755102040816324,0.01078876950981223,0.06709442748073716
106,0.9174435450740616,0.32202712918013965,0.3877551020408163,0.21392082874616425,0.09758137897855917
107,0.4515950877658606,0.2866843354797495,0.40816326530612246,0.8312789628058206,0.0832189616755994
108,0.4539034139375583,0.36951447362506334,0.37755102040816324,0.0027286597075764584,0.19704731210223353
109,0.4295152526447201,0.3309250904606345,0.3979591836734694,0.042195046441183603,0.09100111769050613
110,0.5751824483177173,0.561727022178298,0.5102040816326531,0.25897407795410354,0.5517393962541726
111,0.6406132795265083,0.5997499197672077,0.45918367346938777,0.11555636796354794,0.08964323762044647
112,0.7967689328445169,0.5919378772578825,0.3673469387755102,0.2777215696534752,0.017227063608534182
113,0.8179303656372793,0.6339906849630593,0.37755102040816324,0.03642746193841678,0.09930303279880827
114,0.5974797345116207,0.577402870744834,0.3469387755102041,0.3926450029700523,0.13414380635984832
115,0.8793979179097151,0.59140431849109,0.40816326530612246,0.5025145819883062,0.03206322251522806
116,0.737801637067439,0.6934639382010951,0.6224489795918368,0.251697560797733,0.24314085958638154
117,0.8768313037665164,0.581651140981974,0.5816326530612245,0.24710989128771757,0.26651946961938566
118,0.8203626387562434,0.6350314499428711,0.6020408163265306,0.09953703107896604,0.12645533616438648
119,0.8283152253369692,0.6630680338046115,0.6020408163265306,0.012817438129413737,0.06570579425119417
120,0.9324827016168964,0.6285672237012714,0.5816326530612245,0.18479580778509738,0.0812007059685521
121,0.8903066450170564,0.6077562935904408,0.5918367346938775,0.07398984705954921,0.04838572178064338
122,0.6943719989248682,0.45488025089620604,0.5408163265306123,0.3488241437481523,0.3649490944011478
123,0.7078222876321755,0.27256599990039676,0.32653061224489793,0.022644252373424892,0.4355132147926405
124,0.6572127292417901,0.29091761606898453,0.24489795918367346,0.08906422788522633,0.04249068485030078
125,0.6727184996548616,0.19249112045110045,0.25510204081632654,0.02631830317491312,0.23443217041592168
126,0.6428022463975868,0.1329118938782972,0.2653061224489796,0.0520761807055657,0.1413142964714271
127,0.7093731692294691,0.18335633563220674,0.2653061224489796,0.11759421365677013,0.11941798915858297
128,0.44011570254961657,0.3048278041654111,0.1836734693877551,0.47988430691671574,0.2896715459430108
129,0.47987502086543365,0.37809780204156584,0.1836734693877551,0.06967007169764716,0.1741314171536805
130,0.7249515794829413,0.4850090864660709,0.2755102040816326,0.4366623777708513,0.25477042105649367
131,0.7579008229090995,0.5387520174133972,0.30612244897959184,0.05749746951083238,0.12732455012078142
132,0.3025500463907062,0.5601055635479923,0.336734693877551,0.8125149852859057,0.04968638593910811
133,0.6781636137357238,0.437453168059978,0.37755102040816324,0.6699894855695644,0.29250225734226104
134,0.6580565988004708,0.48014170723749455,0.30612244897959184,0.034542752984976874,0.10082689701266546
135,0.6380960845713536,0.5957949070960737,0.32653061224489793,0.03428089172136743,0.27572501064370253
136,0.643690535364658,0.3667252793764451,0.2653061224489796,0.00860241123061116,0.5475870203140425
137,0.5239504227771955,0.18975859338861906,0.29591836734693877,0.21263096523093097,0.42269496793607214
138,0.6111070739553667,0.19530469132506265,0.2857142857142857,0.1543899737541689,0.011795537885118576
139,0.732041432108187,0.16305600582245833,0.25510204081632654,0.2147656078620339,0.07580230706346432
140,0.7332088884373411,0.13072764356405359,0.2857142857142857,0.000689422993556941,0.0759932942367021
141,0.7571166961450634,0.006874699849578139,0.35714285714285715,0.04133644309314905,0.2953800014196159
142,0.8884488024690435,0.0,0.41836734693877553,0.2333509617938095,0.014980229847019655
143,0.6534288858092395,0.05741560847277547,0.4489795918367347,0.4186867308257279,0.13612804985860563
144,0.6198762085731228,0.20064025758969653,0.4387755102040816,0.05857607141076953,0.3418144629942895
145,0.5847667520081052,0.2792237290131529,0.41836734693877553,0.061358721494712144,0.18686794592770758
146,0.6640493100575424,0.14709581401337185,0.42857142857142855,0.14031550250517344,0.315215314222305
147,0.8120535812066789,0.2687937518738234,0.5,0.263151460804152,0.29021439857551967
148,0.9315035452850136,0.1464619252440193,0.5,0.21211234209771498,0.29173384578430295
149,0.9815299874038682,0.1777703593113567,0.4387755102040816,0.08802194237192297,0.07354850089439453
150,0.9782792399119337,0.126272605035914,0.42857142857142855,0.004413181538758666,0.1219428055746471
151,0.9434761438519941,0.26523713821453904,0.29591836734693877,0.060811120386870046,0.331602858712124
152,0.7904038173529815,0.2336327292559882,0.2857142857142857,0.2722103070920948,0.07425796009933291
153,0.7891722165849927,0.19967608801963313,0.3163265306122449,0.0008040773474486444,0.07989631960611214
154,0.8029185954478824,0.16021820445733798,0.23469387755102042,0.023173495844859882,0.09308293483125307
155,0.919147382310975,0.23987445003702715,0.22448979591836735,0.20635468018508155,0.18943941236811737
156,0.7852588211507472,0.1665848098442025,0.29591836734693877,0.2379204721493354,0.17417850027722062
157,0.7664186958614138,0.17447199328817625,0.2857142857142857,0.0322782633979694,0.017407178305208288
158,0.6183594053420112,0.21023638446912338,0.29591836734693877,0.2632498046429006,0.08422954136407786
159,0.781261000979552,0.05744276387791207,0.336734693877551,0.2897795387010047,0.36475152656206317
160,0.38703265006764126,0.21298974402713716,0.2857142857142857,0.7032622995730528,0.3713513981759331
161,0.5148983187828257,0.22957128971642726,0.24489795918367346,0.22715491157395695,0.03824778171152827
162,0.43847130847337323,0.2859159138849452,0.24489795918367346,0.1352113814452017,0.13356087373807435
163,0.3898100231305172,0.3425640581194047,0.21428571428571427,0.08558180615813495,0.13428841891524435
164,0.5067126386195974,0.42547106734758594,0.2755102040816326,0.20755910861489046,0.19723157400739127
165,0.5895935331192772,0.39056678182906324,0.2857142857142857,0.14674731402748592,0.08216784661380754
166,0.39251794786592037,0.5154587010740298,0.21428571428571427,0.3508635043650747,0.2978704517101475
167,0.6649832328655719,0.44396470327530035,0.336734693877551,0.48561809060150063,0.16987430062012981
168,0.5873856406410192,0.6008223673622797,0.3163265306122449,0.13730372671459581,0.3744931403034232
169,0.612408472114944,0.4256222360613035,0.30612244897959184,0.04332948148916417,0.41846049223958887
170,0.7573445211331074,0.3586736724120698,0.3163265306122449,0.2576671969706029,0.15897878146112385
171,0.5601173127411032,0.5309081898918858,0.2653061224489796,0.3511345216709009,0.41135184185681983
172,0.5454196576155647,0.2698584205967803,0.336734693877551,0.024873845356811787,0.624244218236928
173,0.7093822365512059,0.19518807776529903,0.3673469387755102,0.2916759829874316,0.17748807897918967
174,0.5662330896391414,0.2765475542552422,0.2653061224489796,0.2544732161647012,0.1935220993908614
175,0.6802176542044709,0.18008680738377159,0.25510204081632654,0.202343266846451,0.2297202215846496
176,0.8004968733438067,0.17478130794480978,0.2857142857142857,0.2135945859984828,0.011218817278742263
177,0.7495486757447266,0.21732958692293933,0.25510204081632654,0.08966952524819032,0.10049068981233976
178,0.8119483632853937,0.26304506008611017,0.41836734693877553,0.11013837966812048,0.10808253336093426
179,0.7522283488944733,0.48620405310118525,0.3877551020408163,0.10534862393546514,0.5334190813345515
180,0.8731776486006667,0.48409742381022985,0.40816326530612246,0.214792314996421,0.003551045655949544
181,0.8774640123167508,0.5335841437984498,0.4489795918367347,0.006264283695348114,0.11712230617124368
182,0.7991308029489177,0.47255700232249537,0.46938775510204084,0.13861859842923,0.1447849846497267
183,0.896076439461536,0.4798879963747505,0.37755102040816324,0.17188720046891945,0.01607397844482125
184,0.7034223471034762,0.5398949800867956,0.3877551020408163,0.3429603498538071,0.14233964101558425
185,0.734302542967589,0.2728444482131322,0.21428571428571427,0.05379917055135677,0.6386281959809632
186,0.5292935510748069,0.09271312902193485,0.336734693877551,0.36504399497239565,0.43028067274765414
187,0.6137778901297132,0.11950371045964878,0.3469387755102041,0.14961337541677017,0.06271909532725203
188,0.586872663742608,0.03131112956371202,0.32653061224489793,0.046694149985162886,0.20990122127941677
189,0.5836106552347176,0.21499693304946685,0.29591836734693877,0.004433309932303828,0.4388008603596635
190,0.5320352181876243,0.10048162375552133,0.37755102040816324,0.09079067830454442,0.27299745854635354
191,0.4929747788405532,0.19030130183258384,0.35714285714285715,0.0684208672760933,0.21380141385232804
192,0.6400978138224119,0.3012070012294502,0.42857142857142855,0.2615763037800793,0.264345133488575
193,0.7897056198569923,0.39709596567241046,0.35714285714285715,0.2660176836533055,0.22834964482570383
194,0.7621150418114274,0.3628748331628114,0.35714285714285715,0.04791917514739347,0.08053031179260993
195,0.826988609459284,0.4401666481334315,0.35714285714285715,0.11456029262658489,0.1837718131566954
196,0.6465006221549808,0.5681938397840723,0.35714285714285715,0.3212141635956713,0.30538577795649025
197,0.9358220560047287,0.46027035637712876,0.2857142857142857,0.5157474500694161,0.2571966872927143
198,0.8759901022964285,0.22021566257159675,0.32653061224489793,0.10554870878058166,0.5739184980267241
199,0.8111586734998653,0.2821779915611045,0.24489795918367346,0.11448497194631092,0.14702665247199936
200,0.5442488873514046,0.46907685484717593,0.20408163265306123,0.47568796816370734,0.4465026449333692
201,0.5488481024252728,0.6215241486260745,0.21428571428571427,0.006823486814787214,0.36392137254492724
202,0.6634465082890927,0.3826535823277938,0.20408163265306123,0.20344047151063246,0.571080114823352
203,0.5760590988449796,0.3935559260965508,0.23469387755102042,0.1548024403743078,0.0246345928943727
204,0.6327492389929047,0.42193974596278166,0.32653061224489793,0.09993290466164885,0.06653812762468324
205,0.6586954483473549,0.36882205661202216,0.2653061224489796,0.04497996430908299,0.12582583040109158
206,0.5448990126957494,0.570219090645459,0.3163265306122449,0.20200699764769722,0.48125512224425193
207,0.5382337797507677,0.338319578743471,0.3469387755102041,0.010516370382646871,0.5543703233633418
208,0.8033680214756137,0.3474022724012092,0.5816326530612245,0.4725142885369978,0.020272846140326525
209,0.618778147812976,0.24038776449443097,0.5510204081632653,0.32854604050811853,0.2550178503210649
210,0.8463752280854765,0.13261144151079066,0.6224489795918368,0.40541885405426065,0.2568439400833578
211,0.7060269934684595,0.09804250774246112,0.6632653061224489,0.24946675269988025,0.08136400009462713
212,0.7975229703830057,0.25261333797549157,0.7346938775510204,0.16214625937565455,0.3690115424516695
213,0.7819338602032835,0.1787525782345979,0.7142857142857143,0.02646726803098552,0.1755474880951961
214,0.8279719041389489,0.047118110553842386,0.6632653061224489,0.08089291879535454,0.3140325086768766
215,0.6405010256245387,0.23559527095612176,0.40816326530612246,0.3336956646351841,0.45028586253210084
216,0.6613213548853029,0.2190425843806898,0.47959183673469385,0.03581775974470959,0.03817860569497809
217,0.5951250733552326,0.22694034400558297,0.41836734693877553,0.11692456470230185,0.017432529674966814
218,0.6504960671486131,0.2822261346503475,0.3877551020408163,0.0975750093285975,0.13102282334182497
219,0.6734135711105128,0.4418554230423522,0.2755102040816326,0.03956633428563575,0.3811367929719634
220,0.38173969393292695,0.46882707574307,0.2857142857142857,0.5199523020366509,0.0631531276661481
221,0.49296524122464785,0.5867049462674339,0.2653061224489796,0.1974116882305995,0.28105760178116845
222,0.6065664756702515,0.21332492906985165,0.35714285714285715,0.20165808714883363,0.8935026274238971
223,0.6585483315692394,0.4279131198960312,0.3469387755102041,0.09151712773211972,0.5128746544688532
224,0.6577665793109748,0.5289489872381545,0.30612244897959184,0.0,0.2406868995967573
225,0.5965253240214132,0.5253086653423688,0.24489795918367346,0.10806775119757386,0.007227345127103381
226,0.44080560667097896,0.6605380885851599,0.2653061224489796,0.27694236014430196,0.32264970692762696
227,0.6284084053791054,0.5743084445916186,0.30612244897959184,0.33393146410355,0.20519601250846972
228,0.7211673870557771,0.45961407272772986,0.336734693877551,0.16440380496487467,0.2734266759978249
229,0.4942488192669991,0.8306820515614902,0.24489795918367346,0.4042060535084571,0.8879606137326035
230,0.6003129125026835,0.7726121830289123,0.22448979591836735,0.1881858973329018,0.1376963275592825
231,0.33948638285633964,0.5361824266936923,0.25510204081632654,0.4648145104410814,0.5652294323931661
232,0.47329256527327734,0.4143953292137953,0.25510204081632654,0.23777322506513032,0.29042811640970834
233,0.5650451635315132,0.3299616220543449,0.29591836734693877,0.16260495470279748,0.20089110707135682
234,0.46995719862289237,0.5106233417976461,0.23469387755102042,0.16856672341167853,0.4315520561155192
235,0.8065025249724042,0.4444402718612807,0.2653061224489796,0.600157337835177,0.15714387391646595
236,0.687161002574254,0.37484906465352663,0.30612244897959184,0.21191850907021634,0.16531326405955218
237,0.6676291953820539,0.3742238741040771,0.32653061224489793,0.03351460349405274,0.0
238,0.41592348389762634,0.6148628134692671,0.2755102040816326,0.4485115926461726,0.5753189492222439
239,0.8370600702696049,0.48703123801392983,0.4897959183673469,0.7513591635740531,0.3049168810516745
240,0.7664053769484989,0.5003862130970762,0.5510204081632653,0.12489370953501053,0.03051361139888056
241,0.7295972631249138,0.5020600791202382,0.5204081632653061,0.06439496990538464,0.0025137012966477026
242,0.5394473838202899,0.45400124884057785,0.45918367346938777,0.33848421856532557,0.11369961888442316
243,0.7356151772533999,0.41609818125023856,0.3979591836734694,0.3492408806971483,0.08935600212163443
244,0.5011544255543506,0.8339071776524376,0.3163265306122449,0.41768725685013197,1.0
245,0.7061413142030624,0.534732794606411,0.3979591836734694,0.36500448674356306,0.7156298693961143
246,0.4328057073697249,0.8260860449039633,0.20408163265306123,0.4871737389060507,0.6968824188988749
247,0.3378541288833526,0.9225081075732527,0.09183673469387756,0.16832294082652155,0.22962749458604997
248,0.39484206914096104,0.8241858234504207,0.04081632653061224,0.10046520457392602,0.23418237286004834
249,0.5840556810866447,0.6238613086368587,0.11224489795918367,0.3368106965724638,0.4786842668926579
250,0.7505676948252872,0.6917069088301259,0.11224489795918367,0.2962329454527456,0.16112900045680087
251,0.39278209736618946,0.6536322777126925,0.20408163265306123,0.6381230540345232,0.0897672441801399
252,0.5675498610244892,0.6758950551600899,0.1836734693877551,0.31098960542405035,0.051865836100035506
253,0.5547513793706065,0.45939915497960937,0.15306122448979592,0.021479186189506134,0.5174474814279472
254,0.4876862233604501,0.3261766347728179,0.20408163265306123,0.11847762594872434,0.3178391102365654
255,0.6265367777339363,0.2673264104630397,0.2857142857142857,0.24678973870180596,0.13956685984326048
256,0.5112314270911884,0.29107221024319746,0.22448979591836735,0.2047040930862199,0.05542067766376572
257,0.21337596124761946,0.3165596851510229,0.21428571428571427,0.5310015226300686,0.05959551643562931
258,0.49957965025253037,0.47942759870092433,0.17346938775510204,0.5101746673421922,0.38889985834617363
259,0.45138470926430924,0.3735241970915272,0.1326530612244898,0.08474824347299363,0.2523545007811423
260,0.5698934331152608,0.3411516842458273,0.12244897959183673,0.2104299313994774,0.07609912429691948
261,0.28532532946186945,0.5401595127440194,0.11224489795918367,0.5072511561988915,0.47552813691613965
262,0.6036001664448113,0.31251680711842794,0.14285714285714285,0.5674999291544884,0.5441666524233941
263,0.5624594870871287,0.4811761943367148,0.14285714285714285,0.07213917206899952,0.4027821653464353
264,0.6644799366987363,0.46322271302576906,0.15306122448979592,0.18095812582984852,0.04153634565482735
265,0.564553645381396,0.5945147138683178,0.1326530612244898,0.1772149429360682,0.3132116071140587
266,0.6524759494835866,0.6643587580850473,0.16326530612244897,0.1557585326332224,0.16591932068358314
267,0.7739593878863696,0.6471465316887518,0.1836734693877551,0.2157470560193194,0.039759539114757984
268,0.8274022800065426,0.5447770733502901,0.19387755102040816,0.09412864272852878,0.2438835505156787
269,0.8155012548494741,0.6134025801533628,0.4489795918367347,0.019875036295019577,0.16299845607531752
270,0.8558533963060633,0.4719848544151478,0.47959183673469385,0.070729707660053,0.3374832225353927
271,0.892863653055507,0.37164016324169213,0.5102040816326531,0.06475628831395178,0.2390301330613092
272,0.905272743897733,0.40884520505301464,0.46938775510204084,0.020783173366990104,0.0876828168991399
273,0.8846127699838182,0.5272033665929402,0.4489795918367347,0.03553113413818532,0.28220887133867173
274,0.7399000761763872,0.49991369971662325,0.3877551020408163,0.2572679628695614,0.06391541558609537
275,0.9102538822717977,0.6760042568553054,0.3673469387755102,0.3030999198694727,0.4205948652071251
276,0.8589672886852403,0.661864850049328,0.07142857142857142,0.09027438786775284,0.032393913826314354
277,0.8083822751570809,0.7150900108362676,0.030612244897959183,0.0890203554097471,0.1260834421172518
278,0.7240755314940222,0.8009956066678857,0.0,0.14929593425933843,0.20441926097263105
279,0.8302839681208865,0.5994352532846211,0.05102040816326531,0.18844390252485588,0.4816466028039876
280,0.599767496333459,0.29457145850325717,0.061224489795918366,0.4106370920493714,0.729267531394302
281,0.6452724898262949,0.2828369778702508,0.09183673469387756,0.07994012296106436,0.02662924573701686
282,0.6702222742400626,0.30212815610378113,0.16326530612244897,0.04319891423129771,0.04474283858148892
283,0.8576120025994888,0.5787681692167214,0.15306122448979592,0.333550613579208,0.6616144219675528
284,0.7402304076676818,0.3723201177275789,0.2653061224489796,0.2084152557654641,0.49336253721301154
285,0.7448250321835459,0.32401861468963394,0.32653061224489793,0.006815281466490365,0.11428131154573958
286,0.7353193619242192,0.3726943279807637,0.2755102040816326,0.015593482459139807,0.11517830286691483
287,0.45765751882014544,0.46419138711437824,0.21428571428571427,0.49490662788937284,0.21782213813025963
288,0.6272987430005266,0.5075751738523645,0.25510204081632654,0.3018262222497386,0.1024934227759285
289,0.7144138704760106,0.42763656083065166,0.19387755102040816,0.15431575261529407,0.19011625417756023
290,0.4468856427723618,0.5134909731749437,0.17346938775510204,0.4767933955120222,0.2042965728754229
291,0.5091129211789449,0.6681733987105943,0.10204081632653061,0.10983020863673233,0.36927903917866267
292,0.6224994022844101,0.7194077117667064,0.030612244897959183,0.20127422837779935,0.1213113303936002
293,0.7213150381613653,0.8706932867590637,0.01020408163265306,0.17522971266158774,0.3611367036046583
294,0.60375352427168,0.4630837051234816,0.11224489795918367,0.2087368501584194,0.9755517481179097
295,0.8167776028882396,0.740013297728418,0.15306122448979592,0.3793704838527919,0.6623085512408696
296,0.5984512780142864,0.9523211275547898,0.12244897959183673,0.3888479324027024,0.5074085722101076
297,0.8185930180148931,0.7887024555717754,0.10204081632653061,0.39209287853012825,0.3906994450573078
298,0.6498253643944943,0.7754159879135344,0.08163265306122448,0.3002647670409383,0.030349397390704167
299,0.795850200791428,0.4774015617940375,0.17346938775510204,0.2596133393908456,0.7128494236782882
300,1.0,0.39250502071356347,0.3673469387755102,0.3635082393579319,0.20200053153733666
301,0.757083598874302,0.6038941693817329,0.37755102040816324,0.4328012252527498,0.5052064705337862
302,0.5675432014704386,0.36974004750029393,0.3469387755102041,0.3373948060642548,0.5597746797832717
303,0.8359953361849478,0.3175145137574844,0.40816326530612246,0.47844482412081646,0.12368731113108698
304,0.7834332587467621,0.2545874198627784,0.45918367346938777,0.09255423908424305,0.14933921804061293
305,0.7312743231320393,0.526787303738897,0.40816326530612246,0.09183364714929511,0.650971321313764
306,0.660623679409962,0.5604333340038874,0.3469387755102041,0.12488647111857695,0.07915177735157806
307,0.10038267717838634,0.7372237102218425,0.19387755102040816,1.0,0.4222723490151134
308,0.39209059785678585,0.8353650539804595,0.19387755102040816,0.5200131527613735,0.23374865428881725
309,0.49139916475531864,1.0,0.23469387755102042,0.1761107974262084,0.3931354792999334
310,0.6738395093999063,0.6713812771956554,0.21428571428571427,0.32470388575216014,0.7862086870425279
311,0.7115177140510962,0.5467689079040305,0.2653061224489796,0.06595020530035973,0.29720036349142986
312,0.8655036474670801,0.609036761161262,0.2857142857142857,0.2738433248981546,0.1477590017708872
313,0.6259713668946312,0.5960396654574297,0.25510204081632654,0.4267523118539445,0.02965576559016673
314,0.7164494670339436,0.6370858235527572,0.32653061224489793,0.16032686542465238,0.0968900685472559
315,0.4849025786508741,0.6654837724060112,0.2755102040816326,0.4124789001805111,0.06657199515938839
316,0.4229402451791792,0.610669807480857,0.24489795918367346,0.10935663538738334,0.12989184531010137
317,0.2621078704807322,0.797289433800669,0.20408163265306123,0.28608092984040856,0.4458333069525032
318,0.5599651035426685,0.8871334047165287,0.17346938775510204,0.5310046814273669,0.21385964439353414
319,0.4584543642278669,0.7632731368357841,0.29591836734693877,0.18004704911276787,0.2953975576290523
320,0.6444196210111905,0.7548350979931118,0.3469387755102041,0.33100445570234693,0.018727592451132927
321,0.6482942760098964,0.6750348626361264,0.2857142857142857,0.0055283789491171395,0.1897845594598215
322,0.6169746654340017,0.7616013430158213,0.22448979591836735,0.05458459810806068,0.20600341773711925
323,0.6965884857565019,0.7730030784234125,0.1836734693877551,0.1409076140362256,0.025831647122816524
324,0.6502883355062223,0.6924158697980654,0.19387755102040816,0.08136141818047765,0.19167095403535706
325,0.4891728940980887,0.7332426584794743,0.17346938775510204,0.2865868946800285,0.09636423458428552
326,0.723511546046353,0.5980701890128081,0.15306122448979592,0.41746901083705673,0.32251318730407974
327,0.6270777288685614,0.510980400452206,0.19387755102040816,0.1709723539723227,0.2072578005141247
328,0.5399843983398974,0.3665461225166265,0.25510204081632654,0.15427679187450555,0.3447139734778903
329,0.6129879900845869,0.3454400169257482,0.2857142857142857,0.12909222519758204,0.049093264777055515
330,0.5516276681841018,0.2875095808090663,0.2755102040816326,0.10828057565427779,0.13736210457665524
331,0.7671230893469272,0.21669796501723695,0.47959183673469385,0.3837878610726407,0.16823861391003517
332,0.7272460587008425,0.21002649643897198,0.6224489795918368,0.06988047545855253,0.014493079414855193
333,0.7638225653514872,0.2650059688918927,0.5612244897959183,0.06398098591468043,0.13028857098699623
334,0.641993692138121,0.27413586050945093,0.4489795918367347,0.21636450011484518,0.020385980828581226
335,0.7284425269573455,0.2808670402316578,0.5,0.153124794281347,0.014636208517912844
336,0.6047712507535709,0.22508279483950944,0.5,0.21965768543709385,0.13221763181806712
337,0.7940392081489335,0.3292329711289103,0.5714285714285714,0.3369078358184083,0.24815197590985075
338,0.6205547827565298,0.3916060086676611,0.46938775510204084,0.3086957149111001,0.14801113112021402
339,0.7664213420193584,0.21366323906076373,0.30612244897959184,0.2593304284654963,0.4250346647444756
340,0.7953840741567095,0.2711022070514858,0.336734693877551,0.050371818645291826,0.13618404320642705
341,0.8172715584417635,0.08164479429948526,0.45918367346938777,0.0377252356231418,0.4526355518919682
342,0.7755280080551613,0.01550413462451776,0.40816326530612246,0.07321676803143706,0.15704221546088132
343,0.7247216729962255,0.003152220912628471,0.4387755102040816,0.08941595442931294,0.02810924824483446
344,0.7116637340782209,0.04925992147078563,0.336734693877551,0.02194295055506829,0.1090227122209084
345,0.5468418269517891,0.22649058160429408,0.20408163265306123,0.29321198081181576,0.42332772055489165
346,0.6296310708378805,0.2328726753535833,0.2653061224489796,0.14658349402881282,0.013799440723908759
347,0.5578614086954906,0.21020366145768,0.23469387755102042,0.1268866497202644,0.05283959501111231
348,0.49296707642652027,0.23284425284554713,0.17346938775510204,0.1145974081468209,0.052771465549619735
349,0.4843593693621837,0.31248587211085355,0.14285714285714285,0.013988426871922012,0.18940435272731257
350,0.45398092448966576,0.3825001161251725,0.09183673469387756,0.052902320617033816,0.16632729384841272
351,0.6494428400565184,0.3070202988589578,0.15306122448979592,0.3479791661642476,0.1794284094123875
352,0.6285420358761784,0.163622446965971,0.1836734693877551,0.03596160385771692,0.3422296343735135
353,0.5393372915683053,0.35612836502162815,0.11224489795918367,0.15805081791717024,0.4599428952281394
354,0.3369997728109451,0.22235946562811068,0.11224489795918367,0.36026889627566405,0.3191487947906175
355,0.38311326603895846,0.3376911885382076,0.061224489795918366,0.08102777989980735,0.2749544223706866
356,0.15801351799474656,0.5022918581522028,0.07142857142857142,0.4009550218298265,0.3930533178999352
357,0.3057714165765426,0.4259267522779284,0.08163265306122448,0.26271108455270503,0.18155046831218136
358,0.0,0.4632535589654531,0.05102040816326531,0.5451508118470245,0.08797469034795065
359,0.06321386358448049,0.700952535450036,0.09183673469387756,0.11159367072614178,0.5682717847845024
360,0.2800507562045886,0.6144330086726092,0.17346938775510204,0.38618566119364434,0.20589086878001875
361,0.36515373679724134,0.6979200772502305,0.1836734693877551,0.1507191602219656,0.19862199075248627
362,0.5337228168552959,0.6545315810201091,0.22448979591836735,0.29990982865650057,0.1025047115461759
363,0.45798664206590417,0.6244908047732725,0.16326530612244897,0.1339765542078407,0.07050989344435316
364,0.5704171939653759,0.582651187491966,0.16326530612244897,0.19956556200748032,0.09879201002927747
