,cohe,perp,count,cohe_diff,perp_diff
0,-3.1376074383652934,-7.486198800636197,149.0,3.1376074383652934,7.486198800636197
1,-3.767019377806111,-7.372218749335331,102.0,0.6294119394408177,0.11398005130086641
2,-4.695500958868624,-7.383928691398347,89.0,0.9284815810625124,0.011709942063015788
3,-4.571420502754653,-7.081171806554874,80.0,0.12408045611397078,0.30275688484347274
4,-5.105493556524093,-7.13171509120482,80.0,0.5340730537694398,0.05054328464994651
5,-4.913028076305735,-7.158523545309692,83.0,0.19246548021835785,0.02680845410487187
6,-5.721289411409466,-6.999330940550264,66.0,0.8082613351037313,0.1591926047594283
7,-5.933094456499345,-6.992962945182013,53.0,0.21180504508987852,0.006367995368250945
8,-6.773974826571347,-7.000037504346998,62.0,0.8408803700720027,0.007074559164984784
9,-6.900297782984286,-7.021180725648949,67.0,0.1263229564129391,0.021143221301951343
10,-6.468456607775618,-7.013999577276713,66.0,0.4318411752086684,0.007181148372236379
11,-6.850727249349333,-7.024078798002466,65.0,0.38227064157371515,0.010079220725753402
12,-9.061600915923679,-7.029922063169671,69.0,2.2108736665743454,0.005843265167205125
13,-7.024189027944817,-7.155574181653928,73.0,2.0374118879788616,0.12565211848425673
14,-6.703720123418912,-7.260082150790792,81.0,0.3204689045259048,0.104507969136864
15,-6.655440874294865,-7.2676144267967056,74.0,0.048279249124046686,0.007532276005913552
16,-6.8967441946918875,-7.153669339389617,62.0,0.24130332039702207,0.11394508740708886
17,-6.522287965266442,-7.254806908278662,67.0,0.3744562294254452,0.10113756888904568
18,-8.373849657354029,-7.172494333597921,66.0,1.8515616920875866,0.08231257468074116
19,-8.968832540803549,-7.135938253251095,56.0,0.5949828834495197,0.036556080346826114
20,-8.736700657067386,-6.949416337491629,44.0,0.23213188373616234,0.18652191575946642
21,-9.39582123586901,-6.865635649753354,42.0,0.6591205788016232,0.0837806877382743
22,-8.51034422032268,-6.961948032215264,41.0,0.8854770155463303,0.09631238246190943
23,-8.3248183044848,-6.955696861113399,41.0,0.18552591583787859,0.006251171101864905
24,-6.045709196783645,-6.78714070850626,41.0,2.2791091077011556,0.16855615260713908
25,-5.168365863255952,-7.045922828116806,70.0,0.8773433335276932,0.2587821196105464
26,-6.240768682233697,-7.127903780048658,77.0,1.0724028189777455,0.08198095193185218
27,-4.377049710958991,-7.249590376964623,90.0,1.8637189712747064,0.12168659691596417
28,-3.827800049368756,-7.219067718702661,90.0,0.5492496615902347,0.030522658261961766
29,-4.57809683326792,-7.133987924843675,93.0,0.7502967838991639,0.08507979385898601
30,-3.9424538208056217,-7.178629685605965,102.0,0.6356430124622983,0.044641760762289984
31,-4.030459614928199,-7.158083354722671,105.0,0.08800579412257692,0.020546330883293606
32,-5.9866683524335755,-7.153009098158862,82.0,1.956208737505377,0.005074256563808888
33,-6.680608813756398,-7.125739664184075,75.0,0.6939404613228222,0.027269433974787205
34,-7.115633618899346,-7.279352703808688,76.0,0.43502480514294817,0.15361303962461292
35,-5.3447533609601985,-7.23408517861861,71.0,1.7708802579391474,0.04526752519007804
36,-6.424395172426919,-7.170339831035159,64.0,1.0796418114667201,0.06374534758345085
37,-5.963974309555804,-7.128465847852124,67.0,0.46042086287111417,0.04187398318303526
38,-6.101962515366167,-7.251551625793612,68.0,0.13798820581036253,0.12308577794148778
39,-6.2915894039804074,-7.194290133261672,62.0,0.18962688861424049,0.05726149253193924
40,-6.510956205949341,-7.251409460014033,65.0,0.21936680196893388,0.05711932675236042
41,-6.178454657777379,-7.122392306171059,61.0,0.33250154817196265,0.12901715384297407
42,-4.876716459929823,-7.028315714479252,59.0,1.3017381978475555,0.09407659169180693
43,-5.778103672292556,-7.139256843559133,59.0,0.9013872123627324,0.1109411290798814
44,-6.612032624188853,-7.147209044027929,57.0,0.8339289518962971,0.007952200468795745
45,-7.242187956853929,-7.110607408076094,55.0,0.6301553326650762,0.0366016359518353
46,-6.737303617273686,-7.041583820181793,63.0,0.5048843395802427,0.06902358789430085
47,-9.125773897787274,-7.001984226349228,60.0,2.3884702805135882,0.03959959383256528
48,-8.03400700662115,-7.082018616489875,60.0,1.0917668911661238,0.08003439014064728
49,-8.777166310644398,-7.032536790517263,60.0,0.7431593040232478,0.04948182597261219
50,-6.864841757380191,-7.004230072054047,62.0,1.9123245532642077,0.028306718463215752
51,-7.610656910244834,-6.831753776621718,56.0,0.7458151528646431,0.1724762954323289
52,-7.228631725326784,-6.812451647694953,66.0,0.3820251849180494,0.019302128926764972
53,-8.128468634466644,-6.762665901159726,63.0,0.8998369091398599,0.04978574653522738
54,-3.6393468378146507,-7.037471146448435,113.0,4.489121796651993,0.2748052452887091
55,-3.6357851902926925,-6.974982466063819,110.0,0.0035616475219582,0.062488680384615414
56,-2.519407973650273,-7.22863255098348,123.0,1.1163772166424195,0.253650084919661
57,-2.3071683419607996,-7.304889398553602,122.0,0.21223963168947346,0.07625684757012152
58,-2.1805494150132705,-7.343891719182843,127.0,0.12661892694752908,0.03900232062924136
59,-2.3491030370972426,-7.511177258959762,115.0,0.16855362208397207,0.16728553977691885
60,-2.345847471892766,-7.47482825350403,112.0,0.0032555652044763406,0.036349005455732275
61,-4.398335579116554,-7.432268279712292,61.0,2.052488107223788,0.042559973791737704
62,-2.812836674682289,-7.31598855703552,63.0,1.585498904434265,0.11627972267677222
63,-5.245187032189121,-7.283518117014844,67.0,2.432350357506832,0.032470440020675895
64,-5.276110171309512,-7.220165953914485,67.0,0.03092313912039124,0.06335216310035907
65,-6.924555400621102,-7.113294293734214,73.0,1.6484452293115899,0.10687166018027128
66,-5.792035549929277,-7.173219656782635,70.0,1.1325198506918257,0.05992536304842133
67,-7.145844560002924,-7.073110919730727,70.0,1.3538090100736477,0.10010873705190804
68,-4.4079440747901755,-7.160725582621372,86.0,2.737900485212749,0.0876146628906449
69,-4.217056594635338,-7.107348897635819,82.0,0.1908874801548377,0.053376684985552814
70,-4.512006877258034,-7.060404025204206,67.0,0.29495028262269596,0.04694487243161305
71,-5.992123124242171,-7.021368665172813,68.0,1.480116246984137,0.039035360031393296
72,-4.3755495314030926,-7.059915934794334,57.0,1.616573592839078,0.038547269621520996
73,-6.982128875879965,-6.831764196962846,60.0,2.606579344476873,0.2281517378314879
74,-3.273392960305168,-6.867384159492431,56.0,3.708735915574797,0.035619962529585436
75,-8.566921785094829,-6.636943456881764,38.0,5.293528824789661,0.23044070261066718
76,-8.053750220211048,-6.584740511875554,39.0,0.5131715648837805,0.05220294500620959
77,-6.841285634911419,-6.473832629431014,36.0,1.2124645852996299,0.11090788244454064
78,-9.84398224870205,-6.443353150081108,29.0,3.002696613790631,0.030479479349906136
79,-10.64827810280768,-6.173953006984777,24.0,0.8042958541056304,0.2694001430963304
80,-7.770092085756704,-6.21333480788195,18.0,2.878186017050976,0.039381800897173136
81,-8.359078498313956,-6.245004966980797,16.0,0.5889864125572517,0.03167015909884707
82,-6.792126003567502,-6.386902121994473,18.0,1.5669524947464533,0.14189715501367584
83,-5.067924043816291,-6.487361871371179,18.0,1.7242019597512117,0.10045974937670543
84,-6.919524444206317,-6.4895359033769315,18.0,1.8516004003900264,0.002174032005752835
85,-4.387798478540955,-6.8347593864459855,44.0,2.5317259656653617,0.3452234830690539
86,-6.55711432247707,-6.918739030444245,50.0,2.169315843936115,0.08397964399825941
87,-6.928646186006102,-6.928146949005286,54.0,0.37153186352903145,0.009407918561040951
88,-7.550547392263792,-7.092184059672293,58.0,0.6219012062576903,0.16403711066700755
89,-7.323542808024698,-6.989450847589842,63.0,0.22700458423909442,0.10273321208245179
90,-7.458818752851101,-7.050772821105142,70.0,0.13527594482640382,0.061321973515300776
91,-4.236652257580607,-6.94990732211208,73.0,3.2221664952704945,0.10086549899306263
92,-3.6250024107827143,-6.861425763209498,48.0,0.6116498467978926,0.0884815589025818
93,-3.818044511962144,-6.7906099767679295,48.0,0.19304210117942944,0.07081578644156838
94,-5.480594014253683,-6.5764460137034755,45.0,1.6625495022915389,0.21416396306445407
95,-6.724833736923327,-6.563225267036235,43.0,1.2442397226696444,0.01322074666724049
96,-3.8513564392002446,-6.407150201243292,38.0,2.8734772977230825,0.15607506579294306
97,-4.394954720682441,-6.354140669139346,35.0,0.5435982814821965,0.0530095321039461
98,-9.395257139995438,-6.46796452195411,35.0,5.000302419312997,0.11382385281476459
99,-6.458364425057813,-6.692213400299282,48.0,2.936892714937625,0.22424887834517193
100,-5.3297527732224195,-6.547806890326045,42.0,1.128611651835394,0.144406509973237
101,-4.997144686021848,-6.861241915218645,46.0,0.33260808720057167,0.3134350248925992
102,-4.686086033060961,-7.0685676487644065,49.0,0.3110586529608872,0.2073257335457619
103,-4.637816589006472,-7.013414536201008,52.0,0.04826944405448863,0.05515311256339839
104,-4.151578046389425,-6.975689775820137,48.0,0.4862385426170466,0.037724760380871025
105,-5.155247633072495,-7.102000012242727,53.0,1.0036695866830696,0.1263102364225901
106,-7.479376977274505,-7.064075849661767,46.0,2.32412934420201,0.03792416258096054
107,-7.599183513583637,-7.141644259719722,55.0,0.11980653630913185,0.077568410057955
108,-6.808602699814924,-6.804638979295178,52.0,0.7905808137687131,0.3370052804245436
109,-9.621423585394782,-6.952979512341406,53.0,2.8128208855798578,0.14834053304622774
110,-8.581370938492297,-7.029834937125041,53.0,1.0400526469024847,0.07685542478363505
111,-7.785660076438803,-7.050778068468563,54.0,0.7957108620534941,0.02094313134352177
112,-8.650005209910798,-6.926284411313907,47.0,0.8643451334719954,0.12449365715465532
113,-8.443031854120562,-6.772772012841174,39.0,0.206973355790236,0.15351239847273312
114,-8.082708965507267,-6.719808908850558,36.0,0.360322888613295,0.05296310399061621
115,-7.536542177395693,-6.939191998044962,65.0,0.5461667881115746,0.2193830891944044
116,-6.164681598045149,-7.01425604854414,66.0,1.3718605793505434,0.07506405049917753
117,-5.857216839455727,-6.898664994593159,63.0,0.3074647585894219,0.1155910539509808
118,-6.4976458165613105,-6.992035225945715,67.0,0.6404289771055831,0.09337023135255595
119,-6.284975096275761,-7.01721104098424,74.0,0.21267072028554956,0.025175815038524618
120,-5.6448345627187395,-6.992203236200796,81.0,0.6401405335570214,0.025007804783443888
121,-6.596522428852264,-6.986027135471797,82.0,0.9516878661335246,0.006176100728998435
122,-5.286128258460818,-6.864927190188676,54.0,1.3103941703914463,0.12109994528312118
123,-6.387993282551165,-6.84152790857134,47.0,1.1018650240903476,0.023399281617336065
124,-6.049927593288401,-6.849052850417375,50.0,0.3380656892627645,0.007524941846035027
125,-7.630934484728723,-6.8423287531405546,51.0,1.581006891440322,0.006724097276820551
126,-7.870486129062736,-6.7484081721208575,54.0,0.23955164433401333,0.09392058101969702
127,-7.53235572789183,-6.757895867967937,50.0,0.33813040117090587,0.009487695847079536
128,-8.265104102382656,-6.786561282004341,58.0,0.7327483744908259,0.028665414036403547
129,-7.514109724583652,-6.762718591958456,57.0,0.750994377799004,0.023842690045884574
130,-7.980436835126066,-6.661791123490311,59.0,0.46632711054241405,0.10092746846814471
131,-7.606517734714113,-6.6668790613590225,67.0,0.3739191004119533,0.005087937868711201
132,-7.18093632513309,-6.601415325039209,61.0,0.42558140958102264,0.06546373631981339
133,-5.658782412581789,-6.602745887237235,53.0,1.5221539125513015,0.0013305621980261861
134,-5.635449673663657,-6.659933452431379,55.0,0.023332738918131923,0.05718756519414381
135,-5.111818827558104,-6.676068020310675,42.0,0.5236308461055525,0.01613456787929568
136,-4.766402443436312,-6.584770075754248,41.0,0.3454163841217923,0.09129794455642681
137,-6.3368513672707225,-6.801090640388156,50.0,1.5704489238344106,0.21632056463390814
138,-3.497811055552978,-6.637722930141787,43.0,2.8390403117177443,0.1633677102463693
139,-8.615480968255989,-6.810734093335449,41.0,5.117669912703011,0.17301116319366194
140,-7.571100357777357,-6.677175041443358,41.0,1.0443806104786324,0.1335590518920906
141,-7.031122772703848,-6.7619232461232555,41.0,0.5399775850735082,0.0847482046798973
142,-8.01850853549216,-6.850706966138514,47.0,0.9873857627883114,0.08878372001525836
143,-7.246465848658608,-6.872187326737304,54.0,0.7720426868335517,0.021480360598790327
144,-7.778144522087227,-6.798844270639179,51.0,0.531678673428619,0.07334305609812475
145,-8.319030264995135,-6.88411941132081,45.0,0.5408857429079079,0.085275140681631
146,-5.743832527427622,-7.129932186108438,75.0,2.575197737567513,0.24581277478762775
147,-6.165683624664691,-7.153614115296748,84.0,0.42185109723706926,0.023681929188310136
148,-5.545713352902037,-7.15672475491127,91.0,0.6199702717626545,0.0031106396145217374
149,-7.044725039331934,-7.102520309714415,92.0,1.4990116864298972,0.054204445196854856
150,-5.956427206665324,-7.148118735381535,96.0,1.0882978326666102,0.045598425667120246
151,-6.179911994643329,-7.121822521074553,92.0,0.22348478797800553,0.026296214306982257
152,-4.808128952758892,-7.117109252233573,95.0,1.371783041884437,0.004713268840980334
153,-7.024444497916657,-7.000795091685391,68.0,2.216315545157765,0.11631416054818189
154,-4.885440190072259,-6.9498449500218875,65.0,2.139004307844398,0.05095014166350342
155,-6.5926100027117185,-7.009475087549483,61.0,1.7071698126394592,0.05963013752759583
156,-5.566300410020905,-6.990052905994276,58.0,1.0263095926908132,0.01942218155520692
157,-5.646460649448243,-6.985007725967566,56.0,0.08016023942733774,0.005045180026710838
158,-6.134438230092782,-6.99614783624808,58.0,0.48797758064453944,0.011140110280514648
159,-6.4421504208856595,-7.010243381266796,65.0,0.30771219079287704,0.014095545018715683
160,-5.851612706549063,-7.123545188392392,70.0,0.5905377143365964,0.11330180712559645
161,-5.419877214087898,-7.162892578707368,67.0,0.43173549246116494,0.03934739031497525
162,-7.421323997253762,-7.108784942016259,67.0,2.001446783165864,0.05410763669110885
163,-6.982435012794579,-7.120475235925888,64.0,0.438888984459183,0.011690293909628835
164,-8.213138383459084,-7.0541110714011825,52.0,1.2307033706645045,0.06636416452470506
165,-6.05740158856985,-7.1868551987331255,61.0,2.1557367948892336,0.13274412733194296
166,-7.073572358023391,-7.092286871860898,54.0,1.0161707694535407,0.09456832687222771
167,-6.12963134780425,-6.9018878359176465,52.0,0.9439410102191408,0.19039903594325125
168,-7.050246507564385,-6.937634536640837,58.0,0.9206151597601346,0.035746700723190195
169,-6.402552745825022,-6.865837082098195,55.0,0.6476937617393626,0.07179745454264186
170,-4.729261389697394,-6.97124906429192,58.0,1.6732913561276286,0.10541198219372472
171,-6.955740071389488,-6.9209801227703736,65.0,2.226478681692094,0.05026894152154604
172,-6.2094662028821235,-7.045400865814872,58.0,0.7462738685073642,0.12442074304449857
173,-5.600850526280991,-7.112875960478374,59.0,0.6086156766011328,0.06747509466350188
174,-5.410613255677817,-7.091836604389932,57.0,0.19023727060317341,0.021039356088442318
175,-4.778560483428774,-7.11374787524148,65.0,0.6320527722490432,0.021911270851548537
176,-4.202435229517394,-7.306908357697812,101.0,0.5761252539113801,0.19316048245633155
177,-3.3499727155560364,-7.326308719350297,110.0,0.8524625139613575,0.019400361652484932
178,-4.180413795319786,-7.372434649485908,106.0,0.8304410797637494,0.04612593013561117
179,-3.422265585075932,-7.291125428824167,104.0,0.7581482102438537,0.08130922066174051
180,-3.441395533238746,-7.260677165866453,109.0,0.019129948162813992,0.03044826295771408
181,-3.009107049032395,-7.275110953750886,118.0,0.43228848420635124,0.014433787884432725
182,-3.725597111773668,-7.28889079238087,116.0,0.7164900627412734,0.013779838629983665
183,-4.947405901365957,-7.2401674601294115,76.0,1.2218087895922887,0.048723332251458196
184,-5.077079844295504,-7.096606836088745,73.0,0.12967394292954726,0.14356062404066616
185,-6.144750345943314,-7.087437305022449,79.0,1.06767050164781,0.009169531066296699
186,-5.883387631904214,-7.124663506652924,90.0,0.26136271403909994,0.03722620163047541
187,-4.840814563437614,-7.1966552638604595,94.0,1.0425730684666004,0.07199175720753548
188,-4.458010188447419,-7.077736529891203,87.0,0.3828043749901946,0.11891873396925678
189,-3.7349267600193374,-6.929205542353051,71.0,0.7230834284280818,0.14853098753815175
190,-5.530262434960179,-7.223789476755466,85.0,1.795335674940842,0.29458393440241526
191,-4.299740957902701,-7.125848541998225,79.0,1.2305214770574784,0.09794093475724086
192,-4.51913884638227,-7.174244960910579,79.0,0.21939788847956887,0.04839641891235402
193,-5.8108324640247195,-7.106219704423117,68.0,1.2916936176424496,0.06802525648746283
194,-2.778076695783001,-7.054247305366621,69.0,3.0327557682417186,0.05197239905649553
195,-4.833661857795845,-7.161377802759677,75.0,2.0555851620128442,0.10713049739305625
196,-4.754059749089314,-7.159603432114785,82.0,0.07960210870653128,0.00177437064489272
197,-3.4587359131446838,-7.140942514427419,82.0,1.2953238359446302,0.018660917687365774
198,-5.295363277464182,-7.144819319407819,85.0,1.8366273643194986,0.00387680498040055
199,-4.945039626212226,-7.191742783460592,76.0,0.35032365125195675,0.0469234640527727
200,-4.718203051228646,-7.238949065289936,78.0,0.22683657498357945,0.04720628182934394
201,-8.300956893556902,-7.168428645775563,71.0,3.5827538423282563,0.07052041951437271
202,-8.066525262552837,-7.244357503296707,68.0,0.23443163100406572,0.07592885752114409
203,-8.293209219506293,-7.326584544129176,65.0,0.22668395695345644,0.08222704083246857
204,-7.948250906597319,-7.217920714145647,60.0,0.3449583129089744,0.10866382998352897
205,-8.585851077924334,-7.129960761531573,57.0,0.6376001713270147,0.08795995261407352
206,-8.295111863732215,-7.257276299718827,64.0,0.29073921419211857,0.12731553818725327
207,-4.840413710069349,-7.278487537306092,105.0,3.454698153662866,0.021211237587265508
208,-4.697877589840913,-7.397311950086666,111.0,0.14253612022843587,0.1188244127805742
209,-4.244280381290561,-7.362910603898787,110.0,0.45359720855035235,0.034401346187879156
210,-3.681973837347242,-7.385344428178117,112.0,0.5623065439433188,0.022433824279329606
211,-3.350705457263969,-7.432632733485399,110.0,0.331268380083273,0.04728830530728256
212,-2.658784724567909,-7.366346856485836,111.0,0.6919207326960599,0.06628587699956334
213,-3.2559973796888,-7.493063044267362,112.0,0.5972126551208912,0.1267161877815255
214,-2.668237043546545,-7.3700115801031565,72.0,0.5877603361422552,0.1230514641642051
215,-4.056744357178025,-7.218850099990227,66.0,1.38850731363148,0.15116148011292907
216,-4.822916130116558,-7.166490957819009,65.0,0.7661717729385327,0.05235914217121884
217,-7.909842983311907,-7.072210290383593,63.0,3.086926853195349,0.09428066743541574
218,-6.032410378938455,-7.022290255468232,64.0,1.8774326043734515,0.04992003491536057
219,-8.864912422814038,-6.982504231475825,69.0,2.832502043875583,0.03978602399240749
220,-5.700972004826409,-6.990844137873258,78.0,3.1639404179876296,0.008339906397432983
221,-5.175468486958157,-7.025090587041549,81.0,0.5255035178682519,0.03424644916829145
222,-5.560382994662542,-7.0671187801063065,80.0,0.3849145077043854,0.04202819306475725
223,-5.413754831414882,-7.085320249060054,78.0,0.14662816324766048,0.018201468953747302
224,-5.480086347521954,-7.047969402195408,77.0,0.06633151610707255,0.03735084686464596
225,-6.23116102673048,-7.132736958772258,71.0,0.7510746792085259,0.08476755657685064
226,-6.979617308874444,-7.09275025268301,72.0,0.7484562821439642,0.03998670608924826
227,-8.199502778108078,-7.148908870751007,58.0,1.2198854692336338,0.05615861806799671
228,-8.681167112005687,-7.029602556559801,53.0,0.48166433389760854,0.1193063141912063
229,-7.833004435933307,-7.073452172514393,56.0,0.8481626760723797,0.043849615954592025
230,-7.541962575158703,-7.115526533279436,63.0,0.29104186077460437,0.04207436076504312
231,-6.666429761466431,-7.11859072767937,72.0,0.8755328136922715,0.00306419439993455
232,-5.80410506026941,-7.024370568369795,75.0,0.8623247011970214,0.09422015930957528
233,-5.424228312320018,-7.088972464564375,72.0,0.37987674794939164,0.06460189619457957
234,-5.367803348708158,-7.054077006974046,79.0,0.056424963611860335,0.03489545759032886
235,-5.079406736950979,-7.1071110459341105,77.0,0.2883966117571788,0.053034038960064755
236,-5.365707700271614,-7.06201641823551,70.0,0.2863009633206346,0.0450946276986004
237,-6.7823283742915,-7.175440115282068,71.0,1.4166206740198861,0.1134236970465583
238,-2.5134983479848843,-7.209658782098792,107.0,4.268830026306615,0.0342186668167237
239,-2.251368708730792,-7.281635389834602,118.0,0.26212963925409216,0.0719766077358095
240,-2.5266802299252533,-7.320013518342222,125.0,0.27531152119446123,0.038378128507620346
241,-2.4040730044469463,-7.242319202011288,150.0,0.12260722547830705,0.07769431633093404
242,-2.0052344658651524,-7.195264945290489,154.0,0.39883853858179386,0.04705425672079855
243,-2.513588216439437,-7.275531185856781,162.0,0.5083537505742846,0.08026624056629128
244,-3.797237254561551,-7.143183187770844,159.0,1.283649038122114,0.13234799808593678
245,-5.187855826466406,-7.102777411908013,124.0,1.3906185719048554,0.04040577586283067
246,-4.6809174804993035,-7.170836900714666,117.0,0.5069383459671029,0.0680594888066528
247,-5.15369209409412,-7.234916037400946,114.0,0.472774613594817,0.06407913668627963
248,-4.120875123014339,-7.110904377520485,95.0,1.0328169710797814,0.12401165988046081
249,-4.858118058431358,-7.201094745361809,103.0,0.7372429354170187,0.09019036784132428
250,-3.7303813100866035,-7.175116261273326,107.0,1.1277367483447542,0.025978484088483356
251,-4.239644957960711,-7.2645084496353824,100.0,0.5092636478741075,0.08939218836205676
252,-3.646704976412653,-7.286345947583287,114.0,0.5929399815480578,0.021837497947904794
253,-3.5058297582514206,-7.23077950462197,114.0,0.1408752181612325,0.055566442961317186
254,-4.753289793345874,-7.211181014799144,112.0,1.2474600350944534,0.019598489822826082
255,-3.182236560439122,-7.240937270675902,106.0,1.5710532329067521,0.029756255876757898
256,-3.9672086889058913,-7.159747098001622,100.0,0.7849721284667694,0.08119017267427964
257,-2.89961536564828,-7.220568324030742,94.0,1.0675933232576114,0.06082122602911966
258,-3.182673477236617,-7.181736508361762,98.0,0.28305811158833727,0.03883181566897953
259,-2.890573270316508,-7.129148030270772,78.0,0.2921002069201091,0.05258847809098999
260,-5.104983470593587,-7.067387946445825,74.0,2.214410200277079,0.061760083824947465
261,-5.39585301893194,-7.101066794852203,72.0,0.2908695483383532,0.03367884840637814
262,-5.961557486141317,-7.063844919836735,67.0,0.5657044672093772,0.03722187501546781
263,-4.289532383265961,-7.030535108914097,61.0,1.6720251028753568,0.033309810922638405
264,-8.345674196122891,-7.010835143015636,59.0,4.05614181285693,0.019699965898460903
265,-9.012164271497497,-7.002397894334341,55.0,0.6664900753746057,0.008437248681294918
266,-9.510983970975733,-7.0126668979835864,51.0,0.49881969947823634,0.010269003649245434
267,-11.020929486452067,-7.009845926482368,53.0,1.5099455154763337,0.0028209715012188497
268,-3.353534877950534,-7.25613390251434,102.0,7.667394608501533,0.24628797603197228
269,-5.024110998177538,-7.1531435472006555,101.0,1.6705761202270044,0.10299035531368439
270,-5.13343280924268,-7.2414442479881425,106.0,0.10932181106514172,0.08830070078748697
271,-3.740144668695162,-7.230794777996906,113.0,1.3932881405475182,0.01064946999123606
272,-3.3119483417450972,-7.208793427930466,123.0,0.4281963269500646,0.022001350066440217
273,-2.5238598655751034,-7.196457175496429,121.0,0.7880884761699938,0.012336252434037576
274,-3.2320457756476415,-7.254008929245505,125.0,0.7081859100725381,0.05755175374907662
275,-4.906675494997484,-7.074287108499177,70.0,1.6746297193498423,0.17972182074632848
276,-5.991276822608991,-7.0061402585631924,74.0,1.084601327611507,0.0681468499359843
277,-7.927358368490441,-7.1184525410943635,73.0,1.93608154588145,0.11231228253117109
278,-7.706261916674631,-6.980877752235481,69.0,0.22109645181580984,0.13757478885888297
279,-9.157002363845697,-6.885601613245073,62.0,1.450740447171066,0.09527613899040777
280,-7.718897023160455,-6.945096944333448,67.0,1.438105340685242,0.05949533108837546
281,-6.234429071149705,-7.0047291631773705,65.0,1.4844679520107498,0.059632218843922224
282,-5.861797867237904,-7.083431571125622,81.0,0.3726312039118014,0.0787024079482519
283,-5.1196086345750365,-7.187775414530009,82.0,0.7421892326628674,0.1043438434043864
284,-6.1698869857136005,-7.203240548058724,85.0,1.050278351138564,0.015465133528715036
285,-4.465238932969641,-7.244947781023271,89.0,1.7046480527439591,0.041707232964546925
286,-3.8664468289873892,-7.474523437219392,89.0,0.5987921039822521,0.22957565619612108
287,-4.418482645361156,-7.512141626786119,90.0,0.5520358163737664,0.03761818956672691
288,-5.074630384179933,-7.457272405467755,87.0,0.6561477388187775,0.05486922131836369
289,-4.885860931046825,-7.4824731171037895,80.0,0.18876945313310856,0.025200711636034434
290,-4.786681814244272,-7.523168408545256,87.0,0.09917911680255287,0.040695291441466885
291,-4.772569225233661,-7.452748111000767,77.0,0.014112589010610854,0.07042029754448897
292,-6.803073927178057,-7.553828403548586,72.0,2.0305047019443965,0.10108029254781847
293,-6.552356565886964,-7.336999347349134,79.0,0.2507173612910938,0.21682905619945192
294,-6.581301035313814,-7.235727014156451,83.0,0.02894446942685036,0.10127233319268303
295,-6.540303734521966,-7.250469351088382,88.0,0.04099730079184827,0.014742336931931277
296,-5.28387090324581,-7.174591176692567,84.0,1.2564328312761557,0.07587817439581546
297,-6.524587518066557,-7.1583364745300635,78.0,1.2407166148207471,0.016254702162503243
298,-5.765082479560317,-7.3180859839141785,79.0,0.7595050385062398,0.15974950938411503
299,-6.016093325001303,-7.42097468463691,123.0,0.2510108454409856,0.10288870072273149
300,-5.074776726900082,-7.44730528105693,123.0,0.9413165981012206,0.02633059642001978
301,-5.079319154542136,-7.493874348720043,133.0,0.004542427642054037,0.046569067663113195
302,-3.6850377240382564,-7.541904638705518,131.0,1.39428143050388,0.04803028998547543
303,-2.882812870504683,-7.589257793886485,130.0,0.8022248535335734,0.047353155180966944
304,-4.557573238815004,-7.372059678983675,132.0,1.674760368310321,0.2171981149028106
305,-4.681433139193857,-7.424291721647484,131.0,0.12385990037885275,0.05223204266380943
306,-3.892034559337182,-7.29473088523365,82.0,0.7893985798566745,0.12956083641383387
307,-4.770080608234278,-7.28669430741949,86.0,0.878046048897096,0.008036577814160673
308,-2.9075308206551793,-7.263645357242725,86.0,1.8625497875790988,0.023048950176765004
309,-3.4529918821963363,-7.159964200224319,90.0,0.545461061541157,0.1036811570184053
310,-3.926133016545973,-7.047841038129544,91.0,0.4731411343496368,0.11212316209477535
311,-4.714253805431494,-7.0943457285363225,99.0,0.7881207888855211,0.046504690406778515
312,-3.4639536543281255,-7.037736055015543,102.0,1.2503001511033687,0.0566096735207795
313,-3.1343821171330526,-7.00864881091329,112.0,0.32957153719507293,0.02908724410225272
314,-2.4708126266175765,-6.970314495153423,108.0,0.6635694905154761,0.03833431575986701
315,-3.368145752557125,-6.901057391850871,91.0,0.8973331259395483,0.06925710330255264
316,-3.8959756547521542,-6.913095753448175,94.0,0.5278299021950295,0.012038361597304537
317,-4.8697821759986555,-7.009518995330407,97.0,0.9738065212465012,0.09642324188223217
318,-4.080918092501026,-7.198161162845381,99.0,0.7888640834976295,0.1886421675149741
319,-3.2277816056520243,-7.210352840853623,102.0,0.8531364868490017,0.012191678008241169
320,-4.174377832826718,-7.218494875984114,96.0,0.9465962271746933,0.00814203513049172
321,-4.163525665675615,-7.199566052343763,92.0,0.010852167151102599,0.01892882364035131
322,-6.075753049996135,-7.219312574673244,88.0,1.91222738432052,0.019746522329480598
323,-4.638172944691106,-7.255624190350957,79.0,1.4375801053050292,0.03631161567771368
324,-5.891375894048081,-7.1230939145158665,70.0,1.2532029493569752,0.1325302758350908
325,-7.428498383049809,-6.995685942562844,54.0,1.537122489001728,0.12740797195302278
326,-6.649588161083622,-7.106789769164205,57.0,0.7789102219661874,0.11110382660136153
327,-7.86379548773071,-7.127746564447969,54.0,1.214207326647088,0.02095679528376415
328,-8.054806797549801,-7.2214186400646785,58.0,0.19101130981909176,0.0936720756167091
329,-3.7304250056645443,-7.219055547239643,121.0,4.324381791885257,0.002363092825035551
330,-3.350575503974582,-7.217643504858594,131.0,0.3798495016899621,0.0014120423810490834
331,-3.782882340669321,-7.273265194004732,145.0,0.4323068366947389,0.055621689146137854
332,-3.158545910630871,-7.254552303272588,153.0,0.6243364300384502,0.018712890732143883
333,-2.812733165075455,-7.334992509865798,150.0,0.3458127455554161,0.08044020659321038
334,-2.9462701655050334,-7.300910637219788,152.0,0.1335370004295786,0.03408187264601015
335,-2.613915489157279,-7.2757279547612335,146.0,0.3323546763477543,0.025182682458554595
336,-4.138022015381401,-7.171412959880697,85.0,1.5241065262241222,0.10431499488053664
337,-3.341315711350998,-7.11256417805417,71.0,0.7967063040304034,0.05884878182652642
338,-4.415607657202258,-7.271573786623492,61.0,1.0742919458512596,0.15900960856932134
339,-4.911830467243742,-7.23823428298228,48.0,0.49622281004148405,0.033339503641212076
340,-5.704306557325725,-7.112887490753577,53.0,0.7924760900819834,0.1253467922287026
341,-3.4060254879380465,-7.055654302434893,51.0,2.2982810693876785,0.05723318831868429
342,-4.310915124377083,-7.056591562919448,50.0,0.9048896364390369,0.0009372604845552246
343,-4.242688297829076,-7.224861577393474,52.0,0.06822682654800705,0.16827001447402612
344,-4.693587520339236,-7.247077578180664,63.0,0.45089922251015935,0.022216000787190104
345,-4.955767389674246,-7.180116313287079,62.0,0.2621798693350099,0.06696126489358534
346,-4.463708559364015,-7.313867482159703,66.0,0.49205883031023046,0.1337511688726245
347,-4.002278216189784,-7.15686512170917,57.0,0.46143034317423126,0.15700236045053373
348,-7.0947231218472195,-7.333703638942541,61.0,3.0924449056574357,0.17683851723337174
349,-5.570462998909112,-7.242852646459455,54.0,1.5242601229381076,0.09085099248308648
350,-5.831564523133093,-7.225435407187051,56.0,0.2611015242239807,0.017417239272403684
351,-7.083613408972469,-7.213181172487106,51.0,1.2520488858393763,0.012254234699945243
352,-6.962658836274102,-7.139063026305708,46.0,0.12095457269836718,0.074118146181398
353,-7.651860755445227,-7.0957469769266845,43.0,0.6892019191711256,0.04331604937902345
354,-8.268182923256754,-7.163185601696616,41.0,0.6163221678115267,0.06743862476993101
355,-9.06284252903279,-6.990526002782515,37.0,0.7946596057760367,0.17265959891410088
356,-7.8798223937935505,-7.0758438982578165,42.0,1.1830201352392402,0.08531789547530177
357,-8.515837314128879,-7.088675314863327,46.0,0.6360149203353282,0.012831416605510348
358,-4.162775473692958,-6.928647986524983,48.0,4.353061840435921,0.16002732833834354
359,-5.1817404973643555,-6.990064756615172,59.0,1.0189650236713979,0.06141677009018842
360,-3.383245415651532,-7.130796569004034,127.0,1.7984950817128236,0.14073181238886256
361,-3.187645077423277,-7.101828717196168,134.0,0.19560033822825496,0.02896785180786665
362,-2.8726267551770714,-7.106504368137119,139.0,0.3150183222462055,0.00467565094095157
363,-2.4108535415516004,-7.20797300942575,157.0,0.4617732136254711,0.10146864128863076
364,-2.6309116364918093,-7.253849642774226,158.0,0.2200580949402089,0.04587663334847569
365,-2.526895779366718,-7.258412509384253,161.0,0.10401585712509132,0.00456286661002725
366,-3.144619110475474,-7.26859240703724,155.0,0.6177233311087562,0.010179897652987435
367,-4.020657721671093,-7.161151156720088,101.0,0.8760386111956184,0.10744125031715246
368,-4.501990023364681,-7.2089098321190095,96.0,0.4813323016935884,0.047758675398921646
369,-3.9300534884398677,-7.16743041101669,93.0,0.5719365349248133,0.04147942110231906
370,-5.250430770776016,-7.121400196795524,80.0,1.3203772823361484,0.046030214221166155
371,-5.0310228788546,-7.0632168509722835,82.0,0.2194078919214162,0.058183345823240806
372,-4.6486478309967385,-7.054094644376586,90.0,0.38237504785786136,0.009122206595697513
373,-4.992801460666907,-7.14941966805388,97.0,0.3441536296701688,0.09532502367729379
374,-4.954848585170617,-7.133187239214432,97.0,0.03795287549629034,0.016232428839447977
375,-5.146829918059686,-7.242416394008868,102.0,0.19198133288906938,0.10922915479443596
376,-4.195971988201687,-7.215522324686295,100.0,0.9508579298579996,0.02689406932257299
377,-3.589622679383709,-7.195302608924345,99.0,0.6063493088179777,0.02021971576195014
378,-3.662449717513811,-7.295513577233612,87.0,0.07282703813010194,0.10021096830926712
379,-5.618436496587727,-7.156656428871441,87.0,1.9559867790739163,0.13885714836217034
380,-5.2002680688974605,-7.219593415141001,84.0,0.41816842769026685,0.0629369862695599
381,-5.186250777593101,-7.065377964864094,79.0,0.014017291304359247,0.15421545027690708
382,-4.174844610128335,-7.12359600912007,81.0,1.0114061674647665,0.058218044255975876
383,-5.678110088509622,-7.089893938412563,81.0,1.5032654783812873,0.0337020707075073
384,-5.7322921399038975,-7.060624904519775,73.0,0.054182051394275454,0.029269033892787455
385,-6.2603269780308155,-6.972010000446024,74.0,0.528034838126918,0.08861490407375161
386,-5.481844636873761,-7.050420371892297,59.0,0.778482341157055,0.07841037144627361
387,-6.8698614167116006,-6.925875602448281,56.0,1.38801677983784,0.12454476944401627
388,-6.789037970408884,-6.930238229080406,57.0,0.0808234463027162,0.004362626632125277
389,-7.575415645392455,-6.98206853953974,57.0,0.7863776749835703,0.05183031045933362
390,-5.792628586666532,-6.980527765842088,65.0,1.7827870587259227,0.0015407736976520425
391,-3.2254935589705096,-7.037609819295845,115.0,2.5671350276960223,0.057082053453757275
392,-4.796411649939972,-7.112581669026969,125.0,1.5709180909694624,0.07497184973112425
393,-4.743814083236013,-7.135236759167848,133.0,0.052597566703958876,0.022655090140878187
394,-3.381872189753103,-7.224118126518713,136.0,1.3619418934829102,0.08888136735086505
395,-2.9359760330260425,-7.226042183202244,131.0,0.4458961567270605,0.001924056683531461
396,-2.3651762896447086,-7.170605954832887,123.0,0.5707997433813339,0.055436228369357465
397,-3.012810576924695,-7.121891048103899,116.0,0.6476342872799865,0.04871490672898737
398,-5.2234097186765895,-7.151575907647762,72.0,2.2105991417518944,0.029684859543862352
399,-5.112132161738484,-7.149933724727651,61.0,0.1112775569381057,0.0016421829201105353
400,-7.431170875821201,-7.068049192874378,52.0,2.3190387140827173,0.08188453185327305
401,-4.1383552910495,-7.038126627230448,56.0,3.2928155847717013,0.02992256564392992
402,-4.714334657804807,-6.982182748578277,56.0,0.5759793667553073,0.05594387865217154
403,-5.611221731474832,-6.974481507760751,62.0,0.8968870736700252,0.007701240817525878
404,-4.875691975608089,-7.086388054380885,63.0,0.7355297558667431,0.11190654662013433
405,-5.100438301758108,-7.07225358794647,71.0,0.22474632615001866,0.01413446643441496
406,-7.684134091910082,-7.232132653812502,72.0,2.5836957901519737,0.15987906586603184
407,-5.569566434644298,-7.347792965408711,71.0,2.114567657265783,0.11566031159620938
408,-8.6683546275438,-7.302379828247545,71.0,3.0987881928995025,0.045413137161165906
409,-6.214756043227616,-7.278056641809674,81.0,2.453598584316185,0.024323186437871236
410,-6.056279229890937,-7.186347519703501,78.0,0.1584768133366783,0.09170912210617299
411,-5.809966334329019,-7.190953868297832,80.0,0.2463128955619185,0.004606348594331067
412,-5.7835223925898935,-7.180539870965987,70.0,0.026443941739125343,0.010413997331845337
413,-4.988034821532385,-6.941488348998007,68.0,0.7954875710575084,0.23905152196797985
414,-5.84190552422546,-7.085018873345112,70.0,0.853870702693075,0.14353052434710456
415,-7.524092018975147,-6.965511305802295,65.0,1.6821864947496872,0.11950756754281677
416,-5.994510365914677,-6.968173254950892,66.0,1.52958165306047,0.002661949148596854
417,-6.461747772873049,-7.09804002892016,71.0,0.4672374069583718,0.12986677396926805
418,-7.140119872423519,-7.031791476185886,73.0,0.6783720995504696,0.06624855273427332
419,-4.613883472366465,-7.2533683733736325,127.0,2.526236400057054,0.2215768971877461
420,-3.1308187139101875,-7.443031891558457,149.0,1.483064758456277,0.1896635181848243
421,-3.597933231063554,-7.434558662218746,156.0,0.4671145171533664,0.008473229339711175
422,-4.3025715341650015,-7.442646012871172,161.0,0.7046383031014476,0.00808735065242594
423,-3.600839742671925,-7.392070385135627,148.0,0.7017317914930765,0.05057562773554469
424,-4.81930365093775,-7.382516994190678,140.0,1.2184639082658246,0.00955339094494878
425,-3.50416921661191,-7.351280106345912,139.0,1.3151344343258398,0.031236887844766414
426,-4.66017091590808,-7.344933722670881,86.0,1.1560016992961701,0.006346383675031042
427,-6.5492231326965396,-7.1961780371775355,78.0,1.8890522167884596,0.14875568549334517
428,-5.0030108906649895,-7.225834414900096,88.0,1.54621224203155,0.02965637772256091
429,-2.762794226883249,-7.265888488560528,82.0,2.2402166637817404,0.04005407366043201
430,-3.308638143304217,-7.3275013179766475,86.0,0.5458439164209681,0.06161282941611912
431,-3.0275454049442447,-7.296900228853675,94.0,0.2810927383599724,0.03060108912297288
432,-4.157779288853766,-7.2224793313994295,89.0,1.1302338839095216,0.07442089745424507
433,-3.7392422028027057,-7.225003183905759,107.0,0.41853708605106066,0.0025238525063295825
434,-3.513871446128667,-7.205041800226484,103.0,0.22537075667403883,0.019961383679275357
435,-4.593394314391531,-7.0371951516257205,88.0,1.0795228682628637,0.16784664860076326
436,-4.233415532445761,-6.973073585612274,89.0,0.3599787819457694,0.06412156601344687
437,-5.214117408179062,-6.893431247367177,92.0,0.9807018757333008,0.07964233824509659
438,-4.659866070678194,-6.982849407825918,99.0,0.554251337500868,0.08941816045874074
439,-3.6225382269786603,-7.059858525662834,103.0,1.0373278436995337,0.07700911783691655
440,-5.960656174951648,-7.041223947270648,90.0,2.3381179479729877,0.018634578392186185
441,-3.8723168285262104,-7.210744987142064,88.0,2.0883393464254376,0.16952103987141598
442,-4.8469521978420635,-7.214619690911584,85.0,0.9746353693158532,0.003874703769519705
443,-5.074177878945147,-7.269537745102341,94.0,0.22722568110308305,0.05491805419075746
444,-4.861152420352481,-7.2881260201761435,92.0,0.2130254585926652,0.01858827507380223
445,-6.266622468581331,-7.205985638381398,77.0,1.4054700482288496,0.08214038179474592
446,-5.683876775632295,-7.28186083197255,81.0,0.582745692949036,0.0758751935911528
447,-7.582685993794008,-7.254246107997826,81.0,1.8988092181617127,0.02761472397472442
448,-6.201164245912531,-7.182615736874822,79.0,1.381521747881477,0.07163037112300419
449,-4.99249787458541,-7.321374925618717,85.0,1.208666371327121,0.13875918874389548
450,-2.8971960279787647,-7.188428050363346,117.0,2.095301846606645,0.13294687525537086
451,-2.378784244625354,-7.254966422141505,124.0,0.5184117833534105,0.06653837177815891
452,-2.449272820910136,-7.277986245094251,126.0,0.07048857628478178,0.023019822952745628
453,-3.1640091967688524,-7.184775632174223,121.0,0.7147363758587164,0.09321061292002764
454,-2.5080633670061023,-7.213849239511698,135.0,0.6559458297627501,0.029073607337474883
455,-2.407765174907028,-7.277827094684797,134.0,0.10029819209907442,0.06397785517309895
456,-2.1098586887266064,-7.251854848502051,127.0,0.2979064861804215,0.025972246182746517
457,-5.372545183602756,-7.120689418027613,84.0,3.2626864948761494,0.13116543047443763
458,-5.88946121302359,-7.006591650322459,70.0,0.5169160294208339,0.11409776770515379
459,-5.652141888892196,-7.1919186262525345,75.0,0.237319324131394,0.1853269759300753
460,-5.0059762567700945,-7.236366111184033,81.0,0.6461656321221012,0.044447484931498416
461,-4.925417601578388,-7.237990987710908,72.0,0.08055865519170613,0.0016248765268747078
462,-4.777304495877999,-7.290663990354575,67.0,0.14811310570038927,0.05267300264366703
463,-4.2250712092628415,-7.159938125633596,77.0,0.5522332866151576,0.13072586472097836
464,-3.7783560105735234,-7.41285128620179,93.0,0.4467151986893181,0.2529131605681938
465,-4.4869488179718795,-7.409834148820871,99.0,0.7085928073983561,0.0030171373809189106
466,-4.630900425164956,-7.390672275579329,98.0,0.14395160719307665,0.019161873241542615
467,-4.839094346145726,-7.284772422076877,93.0,0.2081939209807695,0.10589985350245179
468,-5.431044671331563,-7.194283804628884,82.0,0.5919503251858371,0.09048861744799286
469,-4.397968186513326,-7.270347357182837,89.0,1.0330764848182366,0.07606355255395325
470,-5.042066706441648,-7.3581783523673865,85.0,0.6440985199283213,0.08783099518454929
471,-4.855328748073835,-7.168441679976038,70.0,0.1867379583678126,0.18973667239134873
472,-3.9628497934166944,-7.178407065314829,75.0,0.8924789546571406,0.009965385338791322
473,-3.375407388068762,-7.130379509855366,72.0,0.5874424053479324,0.04802755545946269
474,-3.7096960459997526,-7.128329098675889,70.0,0.3342886579309905,0.0020504111794776847
475,-4.246025248563391,-7.159886207989316,72.0,0.5363292025636381,0.031557109313427034
476,-3.2007244110762545,-7.062131586900924,74.0,1.0453008374871362,0.0977546210883915
477,-3.7361199932146687,-7.090684280267969,80.0,0.5353955821384142,0.028552693367045023
478,-4.231313968517945,-7.047643723161304,77.0,0.49519397530327636,0.04304055710666521
479,-5.337367825522346,-7.042946642457895,70.0,1.106053857004401,0.004697080703409462
480,-3.633285305741728,-7.117408562318857,105.0,1.7040825197806182,0.07446191986096284
481,-3.763118562344473,-7.167353361269893,111.0,0.12983325660274536,0.049944798951035985
482,-2.834972511389038,-7.206193723397746,118.0,0.9281460509554353,0.03884036212785258
483,-3.1210814188099634,-7.1909390343050115,119.0,0.28610890742092554,0.01525468909273453
484,-3.686210916214135,-7.220195681454762,118.0,0.5651294974041718,0.029256647149750847
485,-2.936897628058285,-7.285806134633529,119.0,0.7493132881558502,0.0656104531787669
486,-2.7882649595306046,-7.293203207532454,123.0,0.14863266852768042,0.007397072898925217
487,-3.4943749788816505,-7.326126190236455,96.0,0.7061100193510459,0.03292298270400096
488,-4.001020864822579,-7.291574908106514,91.0,0.5066458859409289,0.034551282129941185
489,-4.09053877294095,-7.346638717245494,86.0,0.08951790811837057,0.05506380913897946
490,-4.509977145186067,-7.243553684189068,80.0,0.41943837224511693,0.10308503305642525
491,-4.96642879206034,-7.356437690957328,72.0,0.45645164687427275,0.11288400676825994
492,-5.731050314363448,-7.349596615614821,76.0,0.7646215223031083,0.006841075342506997
493,-4.818263462070619,-7.338049568499441,76.0,0.9127868522928289,0.011547047115380238
494,-3.553906940143746,-7.258712401605233,69.0,1.264356521926873,0.07933716689420844
495,-4.574488640876698,-7.234340919133773,70.0,1.020581700732952,0.024371482471459593
496,-2.4560549719059863,-7.2722970038518175,74.0,2.1184336689707117,0.03795608471804446
497,-3.288064131728404,-7.281338967739367,71.0,0.8320091598224177,0.009041963887549187
498,-3.682300362616649,-7.284341168706235,75.0,0.3942362308882448,0.003002200966868429
499,-3.217502754084452,-7.31385421339967,80.0,0.464797608532197,0.02951304469343441
